delta,cost,cost_conf_int_left,cost_conf_int_right,deaths,deaths_conf_int_left,deaths_conf_int_right
20,810.4,796.6733651973317,824.1266348026683,12493.6,12449.252109594941,12537.94789040506
30,792.6,767.428990620903,817.771009379097,18373.6,18237.835430225285,18509.364569774712
32,788.4,778.0846175824305,798.7153824175695,19540.866666666665,19434.413805500004,19647.319527833326
33,781.4,772.0188127257773,790.7811872742227,20089.066666666666,19959.700462851062,20218.43287048227
34,778.4,767.1287137699613,789.6712862300386,20677.333333333332,20603.022280274363,20751.6443863923
35,780.8,768.6759236544247,792.9240763455753,21255.0,21181.413705464623,21328.586294535377
40,776.4,763.1558026490585,789.6441973509415,24224.8,24052.807847625092,24396.792152374906
50,762.6,751.690162291839,773.5098377081611,29857.333333333332,29708.28764486913,30006.379021797533
